Date,Open,High,Low,Close,Adj Close,Volume
2015-10-08,30.01,30.21,30.01,30.21,26.3909,2000
2015-10-09,30.2,30.2,30.06,30.16,26.3472,4335
2015-10-12,30.4199,30.42,30.27,30.3499,26.513,2250
2015-10-13,30.16,30.16,30.16,30.16,26.3472,508
2015-10-15,30.03,30.07,30.03,30.07,26.2685,2515
2015-10-16,30.5958,30.66,30.5958,30.642,26.7682,400
2015-10-19,30.7,31.01,30.7,30.9999,27.0808,2001
2015-10-20,31.36,31.36,30.99,31.03,27.1074,3240
2015-10-21,31.055,31.055,31.055,31.055,27.1289,400
2015-10-22,31.18,31.4625,31.177,31.4475,27.4718,2180
2015-10-23,31.0526,31.07,30.94,31.07,27.1422,3548
2015-10-26,31.028000000000002,31.12,31.028000000000002,31.11,27.1772,576
2015-10-27,31.06,31.12,31.0,31.1183,27.1844,3350
2015-10-28,31.24,31.33,31.005,31.005,27.0854,3210
2015-10-29,31.03,31.146,31.01,31.146,27.2086,3906
2015-10-30,30.95,30.95,30.95,30.95,27.0372,211
2015-11-03,31.6,31.6,31.32,31.35,27.3867,520
2015-11-04,31.52,31.52,31.22,31.22,27.2732,1850
2015-11-05,31.28,31.28,30.95,31.1,27.1684,23810
2015-11-06,30.38,30.38,29.95,29.95,26.1638,9031
2015-11-09,30.0601,30.1036,29.6,29.71,25.9541,45453
2015-11-10,30.11,30.11,29.85,30.03,26.2335,27240
2015-11-11,30.105,30.26,29.99,30.1339,26.3244,27147
2015-11-12,29.86,30.08,29.86,29.95,26.1638,63887
2015-11-13,29.82,29.87,29.555999999999997,29.56,25.8232,47674
2015-11-16,29.53,29.62,29.53,29.53,25.7969,4200
2015-11-17,30.0,30.18,29.93,29.99,26.1985,25680
2015-11-18,29.64,30.3448,26.7,30.3448,26.5086,28556
2015-11-19,30.41,30.55,30.41,30.51,26.6531,3517
2015-11-20,30.71,30.77,30.71,30.76,26.8712,597
2015-11-23,30.97,31.011999999999997,30.92,30.92,27.011,2392
2015-11-24,31.02,31.02,30.45,30.45,26.6005,2524
2015-11-30,31.0,31.0,30.7223,30.75,26.8627,1627
2015-12-01,30.98,31.2586,30.98,31.2586,27.3069,5557
2015-12-02,31.11,31.22,30.62,30.62,26.749000000000002,4397
2015-12-03,30.37,30.37,30.01,30.01,26.2162,776
2015-12-04,30.31,30.83,30.31,30.62,26.749000000000002,4378
2015-12-08,30.28,30.76,29.92,30.72,26.8363,4645
2015-12-09,30.51,30.55,30.51,30.55,26.6879,643
2015-12-10,30.3,30.3,30.3,30.3,26.4694,660
2015-12-11,30.18,30.18,30.1382,30.1382,26.3281,330
2015-12-14,30.1,30.27,30.09,30.2312,26.4093,628
2015-12-15,30.723000000000003,30.79,30.58,30.58,26.714000000000002,4147
2015-12-16,30.86,31.13,30.86,31.13,27.1946,1618
2015-12-17,31.46,31.46,31.0578,31.09,27.1597,2420
2015-12-18,30.5626,30.59,30.35,30.35,26.8063,1372
2015-12-21,30.456,30.456,30.4,30.4,26.8504,485
2015-12-22,30.68,30.68,30.68,30.68,27.0979,201
2015-12-23,30.75,30.98,30.75,30.98,27.3628,4493
2015-12-24,30.8557,31.01,30.8557,31.01,27.3892,330
2015-12-28,31.03,31.03,30.92,30.9272,27.316,2126
2015-12-29,31.25,31.49,31.25,31.44,27.7691,3457
2015-12-30,31.57,31.59,31.4399,31.4399,27.769000000000002,2037
2015-12-31,31.32,31.39,31.184,31.184,27.5429,36795
2016-01-04,30.98,30.98,30.3612,30.46,26.9033,1937
2016-01-05,30.93,31.383000000000003,30.93,31.383000000000003,27.7187,1518
2016-01-06,30.82,31.1849,30.82,31.08,27.451,3724
2016-01-07,30.7208,30.7495,30.506999999999998,30.51,26.9475,1547
2016-01-08,30.51,30.519000000000002,30.08,30.11,26.5942,3993
2016-01-11,30.2899,30.2899,30.2899,30.2899,26.7533,477
2016-01-12,30.04,30.11,29.96,29.96,26.462,2269
2016-01-13,30.24,30.29,29.65,29.65,26.1879,3338
2016-01-14,29.8284,29.8284,29.5001,29.75,26.2765,3706
2016-01-15,29.146,29.3,29.146,29.25,25.8347,1414
2016-01-19,29.5099,29.5099,29.355,29.45,26.0115,4705
2016-01-20,28.66,28.89,28.1199,28.66,25.3136,4609
2016-01-21,28.88,28.88,28.88,28.88,25.5079,101
2016-01-22,29.465,29.48,29.4574,29.48,26.0379,330
2016-01-25,29.48,29.48,29.48,29.48,26.0379,0
2016-01-26,29.59,29.8559,29.59,29.7422,26.2694,529
2016-01-27,29.48,29.48,29.48,29.48,26.0379,930
2016-01-28,29.48,29.4899,29.16,29.16,25.7553,1652
2016-01-29,29.01,29.2,29.01,29.19,25.7817,553
2016-02-01,29.607,29.8101,29.607,29.81,26.3294,744
2016-02-02,29.68,29.68,29.43,29.43,25.9938,1094
2016-02-03,29.68,29.68,29.0465,29.46,26.0201,3781
2016-02-04,29.4439,29.645,29.4439,29.6365,26.1761,1506
2016-02-05,29.21,29.21,29.098000000000003,29.098000000000003,25.7004,221
2016-02-08,28.1,28.1,27.555999999999997,27.555999999999997,24.3384,718
2016-02-09,27.42,27.55,27.0707,27.34,24.1477,1359
2016-02-10,27.92,27.92,27.92,27.92,24.6601,293
2016-02-11,27.2999,27.2999,27.22,27.22,24.0418,810
2016-02-12,27.22,27.5079,27.22,27.49,24.2803,1823
2016-02-16,27.49,27.49,27.49,27.49,24.2803,100
2016-02-17,28.4,28.45,28.328000000000003,28.35,25.0399,2640
2016-02-18,28.4808,28.7,28.4808,28.7,25.3489,3898
2016-02-19,28.66,28.66,28.66,28.66,25.3136,200
2016-02-22,29.1,29.1552,29.075,29.1,25.7023,827
2016-02-23,28.95,28.95,28.95,28.95,25.5697,328
2016-02-24,28.919,28.974,28.91,28.974,25.590999999999998,751
2016-02-25,29.16,29.16,29.16,29.16,25.7553,125
2016-02-26,29.5,29.505,29.37,29.37,25.9409,2504
2016-02-29,29.627,29.65,29.33,29.33,25.9054,732
2016-03-01,29.8,30.04,29.79,30.03,26.5235,951
2016-03-02,30.23,30.36,30.19,30.36,26.8152,1305
2016-03-03,30.3639,30.4184,30.3639,30.401999999999997,26.8521,1080
2016-03-04,30.5,30.53,30.4404,30.49,26.9301,1703
2016-03-07,30.61,30.63,30.47,30.47,26.9123,1542
2016-03-08,30.445,30.445,30.424,30.424,26.8716,611
2016-03-09,30.45,30.517,30.2501,30.3312,26.7897,3688
2016-03-10,30.6499,30.6499,30.1884,30.1884,26.6637,1001
2016-03-11,30.78,30.89,30.78,30.89,27.2833,410
2016-03-14,31.039,31.098000000000003,30.9901,30.9901,27.3717,3010
2016-03-15,31.0,31.195,31.0,31.195,27.5526,2258
2016-03-16,31.2,31.205,30.9601,30.9601,27.3454,1537
2016-03-17,31.99,32.046,31.9799,31.9956,28.2598,1050
2016-03-18,31.6899,31.78,31.43,31.47,28.0613,136356
2016-03-21,31.62,31.62,31.255,31.31,27.9185,3413
2016-03-22,31.22,31.41,31.2138,31.2552,27.8698,1576
2016-03-23,31.265,31.3365,31.14,31.14,27.767,2642
2016-03-24,31.01,31.19,30.9767,31.19,27.8116,2197
2016-03-28,31.01,31.4699,31.01,31.39,27.9901,2583
2016-03-29,31.72,32.07,31.51,32.07,28.5963,17268
2016-03-30,32.33,32.33,31.995,32.0,28.5339,4165
2016-03-31,32.0,32.16,32.0,32.16,28.6766,11342
2016-04-01,32.0228,32.227,32.0228,32.227,28.7362,658
2016-04-04,32.2715,32.2715,32.1,32.1799,28.6945,5325
2016-04-05,31.9,31.9,31.8756,31.8916,28.4374,310
2016-04-06,31.93,31.98,31.85,31.98,28.5159,588
2016-04-07,32.0328,32.0328,31.7202,31.7202,28.2843,2124
2016-04-08,32.19,32.2499,32.02,32.02,28.5516,1897
2016-04-11,32.0561,32.204,31.9936,32.0,28.5339,3141
2016-04-12,32.0894,32.1899,32.0894,32.14,28.6588,1322
2016-04-13,32.14,32.16,31.9488,32.0165,28.5484,2847
2016-04-14,31.97,31.97,31.8447,31.89,28.4359,3616
2016-04-15,31.89,32.11,31.89,32.11,28.6321,731
2016-04-18,32.13,32.23,31.8501,32.23,28.739,959
2016-04-19,32.41,32.41,32.045,32.12,28.6408,32759
2016-04-20,32.0099,32.02,31.76,31.8,28.3556,1880
2016-04-21,31.63,31.6562,31.0101,31.0636,27.699,1293
2016-04-22,31.39,31.6,31.32,31.4601,28.0524,2431
2016-04-25,31.505,31.6807,31.505,31.6807,28.2491,2284
2016-04-26,31.9764,31.9764,31.77,31.77,28.3287,2547
2016-04-27,31.62,31.6499,31.5059,31.6499,28.2215,1161
2016-04-28,33.1499,33.1499,31.6824,31.6824,28.2508,1111
2016-04-29,31.65,31.65,31.0895,31.38,27.9811,20059
2016-05-02,31.19,31.8088,31.19,31.71,28.2753,3766
2016-05-03,31.605,31.8699,31.605,31.8699,28.4179,4691
2016-05-04,31.6747,32.33,31.6747,32.3299,28.8281,1663
2016-05-05,32.34,32.37,32.3047,32.3599,28.8547,2650
2016-05-06,32.256,32.668,32.2348,32.53,29.0064,3761
2016-05-09,32.78,32.9012,32.75,32.858000000000004,29.2988,5211
2016-05-10,33.19,33.19,32.9132,32.9799,29.4078,7663
2016-05-11,33.09,33.09,32.2401,32.38,28.873,7140
2016-05-12,32.47,32.605,32.1799,32.4899,28.9708,3557
2016-05-13,32.43,32.995,31.91,32.021,28.5526,3660
2016-05-16,32.12,32.4999,32.12,32.4575,28.9418,6986
2016-05-17,32.0,32.1,31.92,31.92,28.4624,2381
2016-05-18,31.94,31.94,31.133000000000003,31.133000000000003,27.7607,5739
2016-05-19,31.04,31.158,30.9852,31.0701,27.7047,2971
2016-05-20,31.25,31.3,31.2239,31.2816,27.8931,2660
2016-05-23,31.41,31.42,31.3499,31.38,27.9811,4170
2016-05-24,31.7,31.72,31.5901,31.5901,28.1683,3454
2016-05-25,31.9,31.9,31.47,31.8044,28.3594,5621
2016-05-26,31.68,31.7899,31.68,31.78,28.3379,1045
2016-05-27,31.99,32.02,31.864,31.9053,28.4493,1464
2016-05-31,32.01,32.01,31.7217,31.92,28.4624,2523
2016-06-01,31.75,31.81,31.634,31.8,28.3556,2506
2016-06-02,31.831999999999997,31.9,31.831999999999997,31.9,28.4447,790
2016-06-03,31.91,32.1599,31.91,32.0443,28.5733,2421
2016-06-06,32.09,32.09,31.9,32.0599,28.5872,3111
2016-06-07,32.06,32.2384,32.0,32.086,28.6106,2454
2016-06-08,32.07,32.25,32.05,32.24,28.748,2712
2016-06-09,32.26,32.3084,32.141999999999996,32.3084,28.8087,6067
2016-06-10,32.1199,32.2,32.1199,32.15,28.6676,1647
2016-06-13,32.35,32.388000000000005,32.14,32.14,28.6588,5787
2016-06-14,32.0284,32.1,31.95,31.99,28.525,4927
2016-06-15,32.2309,32.42,32.2309,32.32,28.8192,8624
2016-06-16,32.1844,32.52,32.1825,32.4858,28.967,7185
2016-06-17,32.02,32.2,31.898000000000003,32.17,28.9222,6835
2016-06-20,32.49,32.49,32.2,32.2,28.9493,4897
2016-06-21,32.37,32.46,32.37,32.46,29.183000000000003,3150
2016-06-22,32.39,32.47,32.3271,32.43,29.156,2712
2016-06-23,32.5307,32.57,32.5307,32.57,29.2818,5305
2016-06-24,32.0,32.25,31.85,32.16,28.9132,5710
2016-06-27,32.0,32.21,31.885,32.1101,28.8683,3438
2016-06-28,32.58,32.7005,32.4899,32.7,29.3988,8564
2016-06-29,33.24,33.34,33.176,33.32,29.9561,7580
2016-06-30,33.54,33.6,33.2306,33.59,30.1989,11927
2016-07-01,33.83,33.83,33.53,33.5701,30.180999999999997,4917
2016-07-05,33.61,33.8399,33.61,33.815,30.4011,2279
2016-07-06,33.99,33.99,33.5801,33.77,30.3606,8300
2016-07-07,33.9,33.9,33.3283,33.35,29.9833,3427
2016-07-08,33.7299,34.0,33.6008,33.928000000000004,30.5028,17851
2016-07-11,34.22,34.22,33.86,34.19,30.7384,6137
2016-07-12,34.26,34.26,33.97,34.26,30.8012,918950
2016-07-13,34.32,34.4199,34.2111,34.4199,30.9451,27767
2016-07-14,34.48,34.48,34.0856,34.229,30.7735,8375
2016-07-15,34.04,34.179,33.967,34.179,30.7285,304434
2016-07-18,34.22,34.22,34.07,34.19,30.7384,6692
2016-07-19,34.1049,34.29,34.1049,34.288000000000004,30.8264,7246
2016-07-20,34.3299,34.3299,34.171,34.2403,30.7835,9433
2016-07-21,34.26,34.3599,34.1095,34.34,30.8732,8293
2016-07-22,34.5,34.72,34.4645,34.6,31.107,10860
2016-07-25,34.65,34.65,34.4,34.55,31.0618,22813
2016-07-26,34.65,34.65,34.321,34.3553,30.8868,8534
2016-07-27,34.57,34.57,33.98,34.1,30.6574,8401
2016-07-28,34.16,34.4204,33.9853,34.31,30.8462,10622
2016-07-29,34.36,34.77,34.36,34.678000000000004,31.1772,17521
2016-08-01,34.71,34.82,34.595,34.79,31.2778,30670
2016-08-02,34.75,34.75,34.193000000000005,34.26,30.8012,90128
2016-08-03,34.28,34.28,33.9113,34.0,30.5675,21960
2016-08-04,34.16,34.16,33.82,33.94,30.5137,234053
2016-08-05,33.98,34.03,33.88,33.94,30.5137,21511
2016-08-08,33.94,34.0678,33.93,33.93,30.5047,45060
2016-08-09,34.1,34.16,33.83,34.16,30.7114,204328
2016-08-10,34.24,34.24,34.02,34.09,30.6484,12323
2016-08-11,34.2152,34.2152,33.6201,33.77,30.3606,19380
2016-08-12,34.11,34.11,33.7945,33.88,30.4596,11588
2016-08-15,34.09,34.09,33.83,33.8401,30.4239,14936
2016-08-16,33.63,33.63,33.4299,33.43,30.055,18638
2016-08-17,33.6,33.6,33.2595,33.57,30.1809,18267
2016-08-18,33.59,33.59,33.4,33.5,30.1181,11678
2016-08-19,33.44,33.44,33.13,33.24,29.8842,20856
2016-08-22,33.12,33.4,33.12,33.4,30.0282,56283
2016-08-23,33.54,33.54,33.38,33.38,30.01,60598
2016-08-24,33.55,33.55,33.14,33.29,29.9291,58657
2016-08-25,33.13,33.6399,33.13,33.43,30.055,24408
2016-08-26,33.54,33.58,32.9,33.1,29.7583,33688
2016-08-29,33.13,33.48,33.0693,33.43,30.055,22878
2016-08-30,33.49,33.49,33.16,33.33,29.9652,38604
2016-08-31,33.43,33.46,33.19,33.38,30.01,143354
2016-09-01,33.51,33.51,33.16,33.37,30.0011,69541
2016-09-02,33.4,33.89,33.4,33.59,30.1989,48854
2016-09-06,33.76,33.89,33.5,33.87,30.4506,169454
2016-09-07,33.8,33.86,33.57,33.86,30.6025,555945
2016-09-08,33.82,33.9,33.43,33.43,30.2136,322533
2016-09-09,33.22,33.22,32.12,32.16,29.0659,906748
2016-09-12,32.15,32.68,32.0,32.29,29.1836,5085946
2016-09-13,32.21,32.34,31.66,31.72,28.6685,926654
2016-09-14,32.21,32.21,31.65,31.78,28.7226,532081
2016-09-15,31.83,32.05,31.67,32.02,28.9396,1512794
2016-09-16,32.05,32.05,31.72,31.91,28.8401,2119519
2016-09-19,31.99,32.27,31.95,32.24,29.1383,4242426
2016-09-20,32.47,32.47,32.18,32.18,29.0842,3387204
2016-09-21,32.14,32.64,31.83,32.55,29.4185,2247929
2016-09-22,32.77,33.2499,32.77,33.19,29.9969,1728163
2016-09-23,33.07,33.45,32.84,33.32,30.1144,19150981
2016-09-26,33.15,33.44,33.13,33.39,30.1777,2998968
2016-09-27,33.37,33.44,33.06,33.1,29.9157,3562518
2016-09-28,33.11,33.35,33.06,33.33,30.1234,4122681
2016-09-29,33.18,33.29,32.81,32.92,29.753,2674449
2016-09-30,33.01,33.28,32.73,32.77,29.6174,2058021
2016-10-03,32.66,32.7,32.09,32.14,29.0481,2344817
2016-10-04,32.15,32.15,31.4725,31.65,28.6052,3262713
2016-10-05,31.66,31.85,30.955,31.06,28.0719,4848671
2016-10-06,30.98,31.33,30.63,31.12,28.1262,2438750
2016-10-07,31.19,31.6,30.9,31.04,28.0537,1711450
2016-10-10,31.05,31.315,31.0,31.16,28.1623,2404051
2016-10-11,31.08,31.2,30.8234,30.92,27.9453,1770422
2016-10-12,30.97,31.36,30.93,31.36,28.3431,1411699
2016-10-13,31.27,31.54,31.12,31.46,28.4334,3299281
2016-10-14,31.56,31.7299,31.35,31.42,28.3971,2381423
2016-10-17,31.42,31.61,31.4,31.45,28.4244,1148299
2016-10-18,31.65,31.81,31.5442,31.61,28.5691,4753162
2016-10-19,31.76,31.76,31.44,31.73,28.6775,1515634
2016-10-20,31.57,31.83,31.465,31.62,28.578000000000003,1977109
2016-10-21,31.4,31.61,31.35,31.6,28.5598,1295726
2016-10-24,31.65,31.96,31.541,31.64,28.5961,1108723
2016-10-25,31.53,31.63,31.41,31.6,28.5598,1402869
2016-10-26,31.4,31.5,30.99,31.19,28.1894,1481903
2016-10-27,31.11,31.11,30.3553,30.45,27.5207,1409067
2016-10-28,30.55,30.7847,30.43,30.53,27.5928,2338168
2016-10-31,30.6,30.98,30.522,30.95,27.9724,1071353
2016-11-01,30.87,30.901,30.205,30.34,27.4211,3438594
2016-11-02,30.25,30.32,29.87,29.87,26.9964,1699336
2016-11-03,29.82,29.92,29.68,29.74,26.8789,1922500
2016-11-04,29.77,30.05,29.67,29.94,27.0596,1757687
2016-11-07,30.14,30.51,30.13,30.49,27.5567,2997634
2016-11-08,30.38,30.77,30.36,30.68,27.7284,1513363
2016-11-09,29.68,30.2437,29.48,29.99,27.1048,4760945
2016-11-10,29.85,29.87,29.0735,29.54,26.6981,5345003
2016-11-11,29.47,29.91,29.47,29.57,26.7252,3702644
2016-11-14,29.41,30.27,29.2,30.15,27.2493,4315165
2016-11-15,30.17,30.52,29.79,29.95,27.0687,3161108
2016-11-16,29.82,30.09,29.7,29.93,27.0505,2058960
2016-11-17,29.86,30.09,29.6,29.65,26.7976,1573611
2016-11-18,29.6,29.81,29.5,29.71,26.8516,1276875
2016-11-21,29.75,29.98,29.61,29.63,26.7795,1584938
2016-11-22,29.71,30.19,29.67,30.14,27.2403,2567156
2016-11-23,29.87,30.02,29.71,29.93,27.0505,1666247
2016-11-25,29.94,30.23,29.94,30.06,27.1681,789980
2016-11-28,30.0,30.385,30.0,30.17,27.2675,1957301
2016-11-29,30.11,30.55,30.11,30.38,27.4572,1769153
2016-11-30,30.1,30.255,29.9,30.01,27.123,2233892
2016-12-01,29.82,29.9143,29.41,29.55,26.7072,2486750
2016-12-02,29.64,30.121,29.55,29.83,26.9601,2399152
2016-12-05,29.83,30.105,29.765,30.07,27.1773,1608834
2016-12-06,30.11,30.38,30.06,30.2,27.2946,1340990
2016-12-07,30.23,30.88,30.23,30.83,27.864,2068428
2016-12-08,30.51,31.12,30.51,30.99,28.0085,1703922
2016-12-09,30.94,31.26,30.93,30.97,27.9906,1664619
2016-12-12,30.85,31.304000000000002,30.79,31.29,28.2798,2744787
2016-12-13,31.41,31.48,31.1468,31.37,28.3521,2182056
2016-12-14,31.34,31.4,30.73,30.82,27.855,3364030
2016-12-15,30.73,30.925,30.51,30.57,27.6288,3224742
2016-12-16,30.13,30.61,30.09,30.44,28.0166,3455591
2016-12-19,30.53,30.81,30.45,30.71,28.265,2260027
2016-12-20,30.66,30.87,30.555,30.73,28.2833,1764229
2016-12-21,30.75,30.94,30.32,30.34,27.9245,1871788
2016-12-22,30.24,30.3236,30.0058,30.3,27.8878,1399843
2016-12-23,30.32,30.43,30.23,30.33,27.9153,931571
2016-12-27,30.4,30.52,30.28,30.41,27.9889,1143637
2016-12-28,30.39,30.46,30.115,30.18,27.7772,2570460
2016-12-29,30.21,30.569000000000003,30.13,30.46,28.0349,1526206
2016-12-30,30.43,30.82,30.38,30.75,28.3018,1853291
2017-01-03,30.86,30.979,30.6339,30.85,28.3937,2682334
2017-01-04,30.87,31.295,30.86,31.24,28.7528,1838041
2017-01-05,31.08,31.42,30.8341,31.4,28.9001,2198849
2017-01-06,31.25,31.55,31.24,31.4,28.9001,1747489
2017-01-09,31.44,31.47,31.1601,31.2,28.7162,2125447
2017-01-10,31.15,31.2,30.78,30.81,28.357,1582728
2017-01-11,30.76,30.8643,30.62,30.64,28.2005,2192526
2017-01-12,30.54,30.795,30.39,30.76,28.3109,1481143
2017-01-13,30.67,30.83,30.63,30.69,28.2465,1469619
2017-01-17,30.67,30.96,30.6,30.94,28.4767,1759098
2017-01-18,30.98,31.14,30.8901,31.01,28.541,1575728
2017-01-19,30.88,30.91,30.645,30.71,28.265,1631067
2017-01-20,30.69,30.93,30.65,30.9,28.4399,1605060
2017-01-23,30.84,31.15,30.84,31.09,28.6149,3551466
2017-01-24,31.02,31.21,30.97,31.1,28.6239,1890180
2017-01-25,31.25,31.25,30.8233,30.91,28.449,1630775
2017-01-26,30.91,31.1,30.8601,30.89,28.4306,1486031
2017-01-27,30.97,31.0,30.52,30.63,28.1915,1649797
2017-01-30,30.51,30.66,30.37,30.46,28.0349,2281063
2017-01-31,30.52,30.88,30.51,30.71,28.265,1712211
2017-02-01,30.67,30.87,30.35,30.37,27.9521,1835919
2017-02-02,30.32,30.77,30.32,30.73,28.2833,2040588
2017-02-03,30.91,31.02,30.81,30.93,28.4675,1745164
2017-02-06,30.87,30.95,30.7,30.74,28.2927,1362610
2017-02-07,30.8,30.87,30.645,30.68,28.2373,1496677
2017-02-08,30.64,31.005,30.64,30.94,28.4767,1379123
2017-02-09,30.9,31.09,30.89,31.07,28.5964,1821565
2017-02-10,31.02,31.3,30.98,31.28,28.7896,1524535
2017-02-13,31.34,31.48,31.18,31.43,28.9277,1896700
2017-02-14,31.35,31.372,30.99,31.27,28.7806,2444835
2017-02-15,31.05,31.25,30.9,31.18,28.6977,3360343
2017-02-16,31.15,31.55,31.14,31.31,28.8172,3238257
2017-02-17,31.28,31.49,31.215,31.4,28.9001,3247948
2017-02-21,31.35,31.865,31.34,31.83,29.2959,4280834
2017-02-22,31.84,31.97,31.58,31.71,29.1855,2463190
2017-02-23,31.84,31.96,31.67,31.92,29.3787,1938411
2017-02-24,31.92,32.095,31.77,32.08,29.526,2542772
2017-02-27,32.09,32.3501,32.09,32.24,29.6733,1902354
2017-02-28,32.15,32.2866,32.0727,32.14,29.5812,2041107
2017-03-01,32.06,32.2475,31.92,32.06,29.5075,3039798
2017-03-02,32.0,32.09,31.87,31.96,29.4155,2142754
2017-03-03,31.89,31.96,31.57,31.86,29.3235,1804457
2017-03-06,31.72,31.8,31.585,31.73,29.2038,2279630
2017-03-07,31.71,31.72,31.4544,31.62,29.1026,1645922
2017-03-08,31.45,31.54,31.135,31.15,28.6699,1665941
2017-03-09,31.14,31.265,30.7,30.75,28.3018,3171586
2017-03-10,30.91,31.16,30.54,30.72,28.2741,1691120
2017-03-13,30.72,30.9067,30.665,30.76,28.3109,1929393
2017-03-14,30.72,30.82,30.6,30.72,28.2741,2139581
2017-03-15,30.79,31.45,30.79,31.31,28.8172,3130235
2017-03-16,31.3,31.44,31.16,31.24,28.7528,1667726
2017-03-17,31.08,31.2469,31.01,31.1,28.8066,2376280
2017-03-20,31.1,31.245,31.05,31.1311,28.8353,1573310
2017-03-21,31.2,31.34,31.065,31.08,28.788,3225158
2017-03-22,31.14,31.177,30.86,31.15,28.8528,3095471
2017-03-23,31.1,31.565,31.1,31.38,29.0658,2233398
2017-03-24,31.44,31.53,31.2682,31.35,29.0382,3880551
2017-03-27,31.28,31.395,31.035,31.1,28.8066,3656425
2017-03-28,31.08,31.32,30.94,31.28,28.9734,2237107
2017-03-29,31.2,31.4,31.1601,31.39,29.0752,1632291
2017-03-30,31.32,31.49,31.1254,31.46,29.14,1888606
2017-03-31,31.42,31.7,31.38,31.6,29.2698,2067006
2017-04-03,31.66,31.7,31.515,31.64,29.3068,1877371
2017-04-04,31.64,31.8,31.5261,31.55,29.2233,1737462
2017-04-05,31.58,31.77,31.55,31.6,29.2698,2115238
2017-04-06,31.58,31.8,31.45,31.78,29.4364,1374695
2017-04-07,31.78,31.94,31.73,31.82,29.4734,1401026
2017-04-10,31.9,32.08,31.79,32.04,29.6771,1474157
2017-04-11,32.06,32.2489,32.025,32.19,29.8161,1626680
2017-04-12,32.14,32.28,32.08,32.14,29.7698,1814224
2017-04-13,32.14,32.2162,32.05,32.07,29.705,2051998
2017-04-17,32.1,32.45,32.1,32.44,30.0477,2002806
2017-04-18,32.36,32.56,32.29,32.52,30.1217,4023270
2017-04-19,32.55,32.5906,32.405,32.45,30.0569,1692757
2017-04-20,32.42,32.48,32.28,32.44,30.0477,2695039
2017-04-21,32.4,32.54,32.25,32.33,29.9458,2376719
2017-04-24,32.46,32.5,31.77,32.01,29.6493,1928038
2017-04-25,32.07,32.13,31.955,32.08,29.7142,1458486
2017-04-26,32.02,32.09,31.78,31.81,29.4641,1489440
2017-04-27,31.82,32.02,31.77,31.83,29.4825,1436546
2017-04-28,31.79,31.82,31.49,31.65,29.316,1816717
2017-05-01,31.7,31.9074,31.58,31.85,29.5011,2636705
2017-05-02,31.82,31.971,31.72,31.86,29.5104,1845637
2017-05-03,31.81,31.93,31.39,31.47,29.1494,2193432
2017-05-04,31.31,31.5334,31.14,31.5,29.1771,1428508
2017-05-05,31.53,31.76,31.53,31.75,29.4086,1717402
2017-05-08,31.71,31.8335,31.42,31.58,29.2513,1279826
2017-05-09,31.54,31.59,31.35,31.46,29.14,1770226
2017-05-10,31.46,31.74,31.4,31.63,29.2974,1520304
2017-05-11,31.49,31.5099,31.23,31.48,29.1586,1999056
2017-05-12,31.47,31.51,31.32,31.36,29.0474,1506755
2017-05-15,31.36,31.66,31.3542,31.5,29.1771,2380075
2017-05-16,31.48,31.49,31.265,31.34,29.0289,1369108
2017-05-17,31.25,31.69,31.25,31.54,29.2142,2978798
2017-05-18,31.45,31.665,31.29,31.6,29.2698,2455843
2017-05-19,31.57,31.93,31.44,31.78,29.4364,1397266
2017-05-22,31.78,31.97,31.72,31.86,29.5104,1371299
2017-05-23,31.89,32.03,31.85,31.9,29.5475,1995037
2017-05-24,31.87,32.13,31.87,32.08,29.7142,1051724
2017-05-25,32.14,32.3482,32.03,32.2,29.8254,1042874
2017-05-26,32.21,32.2684,31.92,32.0,29.6402,1352143
2017-05-30,31.99,32.06,31.9,31.91,29.5567,898798
2017-05-31,31.95,32.06,31.81,31.86,29.5104,1616250
2017-06-01,31.87,32.01,31.7246,31.96,29.603,1563040
2017-06-02,32.14,32.3065,32.07,32.24,29.8624,1224855
2017-06-05,32.19,32.24,32.0,32.16,29.7884,1287594
2017-06-06,32.17,32.17,31.98,32.01,29.6493,1316520
2017-06-07,32.05,32.21,31.95,32.18,29.807,1078788
2017-06-08,32.17,32.23,31.77,32.03,29.668000000000003,2293788
2017-06-09,31.98,32.26,31.89,32.18,29.807,1787648
2017-06-12,32.09,32.4,32.01,32.39,30.0014,3135988
2017-06-13,32.45,32.49,32.27,32.47,30.0755,1567290
2017-06-14,32.74,32.79,32.465,32.57,30.1681,2232920
2017-06-15,32.43,32.8233,32.35,32.73,30.3162,1347254
2017-06-16,32.51,32.53,32.31,32.44,30.2994,1754130
2017-06-19,32.47,32.5,32.32,32.46,30.3182,6082213
2017-06-20,32.49,32.57,32.1838,32.4,30.2621,2348860
2017-06-21,32.41,32.44,32.15,32.33,30.1968,1659946
2017-06-22,32.29,32.45,32.2032,32.35,30.2153,5944282
2017-06-23,32.35,32.62,32.3455,32.49,30.3463,8197655
2017-06-26,32.54,32.7764,32.54,32.64,30.4864,2483246
2017-06-27,32.55,32.835,32.51,32.51,30.3648,2173308
2017-06-28,32.59,32.67,32.48,32.55,30.4022,2715038
2017-06-29,32.34,32.4196,32.16,32.22,30.0941,3041682
2017-06-30,32.25,32.45,32.11,32.2,30.0753,1256941
2017-07-03,32.34,32.56,32.22,32.5,30.3556,1035657
2017-07-05,32.42,32.58,32.02,32.11,29.9912,2908644
2017-07-06,32.0,32.01,31.49,31.53,29.4495,1839971
2017-07-07,31.52,31.79,31.52,31.71,29.6177,1325146
2017-07-10,31.73,31.8,31.45,31.46,29.3843,1098234
2017-07-11,31.43,31.53,31.21,31.41,29.3375,1279299
2017-07-12,31.58,31.93,31.58,31.82,29.7205,1910810
2017-07-13,31.83,31.935,31.77,31.88,29.7764,1181472
2017-07-14,31.99,32.24,31.99,32.2,30.0753,1167422
2017-07-17,32.17,32.33,32.12,32.27,30.1407,2285069
2017-07-18,32.27,32.36,32.18,32.23,30.1033,2302889
2017-07-19,32.22,32.47,32.13,32.47,30.3275,4613879
2017-07-20,32.54,32.58,32.36,32.38,30.2435,1048321
2017-07-21,32.36,32.47,32.28,32.44,30.2994,1200996
2017-07-24,32.44,32.47,32.26,32.42,30.2807,1091520
2017-07-25,32.43,32.43,32.2,32.42,30.2807,2142773
2017-07-26,32.43,32.7695,32.34,32.69,30.533,1903795
2017-07-27,32.56,32.7557,32.32,32.66,30.5051,2164655
2017-07-28,32.59,32.77,32.52,32.64,30.4864,2060197
2017-07-31,32.62,32.655,32.36,32.59,30.4395,1526567
2017-08-01,32.65,32.84,32.45,32.73,30.5705,2364510
2017-08-02,32.65,32.65,32.45,32.57,30.421,1712537
2017-08-03,32.55,32.66,32.39,32.49,30.3463,1101311
2017-08-04,32.46,32.66,32.46,32.59,30.4395,939594
2017-08-07,32.56,32.64,32.43,32.57,30.421,781896
2017-08-08,32.51,32.56,32.3201,32.42,30.2807,1070653
2017-08-09,32.42,32.5,32.3,32.46,30.3182,1134394
2017-08-10,32.37,32.42,32.155,32.17,30.0473,1412033
2017-08-11,32.08,32.2,31.8244,31.96,29.8511,1548094
2017-08-14,32.08,32.535,32.07,32.49,30.3463,1196939
2017-08-15,32.38,32.44,32.225,32.43,30.2902,2138051
2017-08-16,32.46,32.645,32.46,32.53,30.3836,1043622
2017-08-17,32.48,32.595,32.3,32.3,30.1688,1375983
2017-08-18,32.23,32.23,31.97,32.06,29.9446,1276949
2017-08-21,32.1,32.46,32.02,32.39,30.2528,1094517
2017-08-22,32.45,32.52,32.24,32.37,30.2342,1150211
2017-08-23,32.34,32.75,32.31,32.7,30.5422,973953
2017-08-24,32.75,32.93,32.63,32.64,30.4864,1595108
2017-08-25,32.76,32.91,32.65,32.8,30.6358,1063585
2017-08-28,32.84,32.86,32.54,32.63,30.4769,895262
2017-08-29,32.6,32.75,32.59,32.61,30.4583,2577301
2017-08-30,32.58,32.77,32.45,32.76,30.5985,963550
2017-08-31,32.87,33.04,32.8,32.92,30.7478,1816228
2017-09-01,32.96,33.05,32.88,32.92,30.7478,1656231
2017-09-05,32.94,33.03,32.69,32.89,30.7199,2346245
2017-09-06,32.99,33.1,32.895,32.94,30.7663,2529289
2017-09-07,32.99,33.255,32.94,33.19,31.0001,1652728
2017-09-08,33.15,33.315,33.08,33.2,31.0094,1102131
2017-09-11,33.23,33.46,33.23,33.44,31.2335,1267457
2017-09-12,33.41,33.44,32.9447,33.08,30.8972,1335606
2017-09-13,33.06,33.06,32.82,32.94,30.7663,1286694
2017-09-14,32.89,33.18,32.76,33.17,30.9812,1492508
2017-09-15,32.87,33.05,32.79,33.05,31.0906,3201089
2017-09-18,33.0,33.105,32.78,32.86,30.9118,1012304
2017-09-19,32.86,32.89,32.44,32.53,30.6013,1990963
2017-09-20,32.58,32.65,32.29,32.44,30.5167,1283776
2017-09-21,32.42,32.6,32.38,32.39,30.4697,2548103
2017-09-22,32.36,32.46,32.0757,32.11,30.2062,1542277
2017-09-25,32.12,32.32,32.1,32.23,30.3191,1180631
2017-09-26,32.27,32.35,32.2,32.26,30.3473,1360464
2017-09-27,32.15,32.22,31.88,31.99,30.0933,1612366
2017-09-28,31.96,32.24,31.94,32.22,30.3098,1318878
2017-09-29,32.17,32.27,32.0701,32.24,30.3285,2488525
2017-10-02,32.28,32.3411,32.11,32.12,30.2155,1814819
2017-10-03,32.12,32.1958,32.041,32.11,30.2062,2533730
2017-10-04,32.12,32.4068,32.05,32.39,30.4697,1743145
2017-10-05,32.43,32.61,32.43,32.49,30.5637,1766812
2017-10-06,32.34,32.435,32.09,32.4,30.4791,1274589
2017-10-09,32.44,32.54,32.35,32.47,30.5448,1148025
2017-10-10,32.54,32.73,32.4622,32.52,30.5917,987288
2017-10-11,32.56,32.75,32.52,32.7,30.7613,1176430
2017-10-12,32.73,32.95,32.68,32.93,30.9776,2136270
2017-10-13,33.07,33.117,32.9,33.02,31.0621,1857897
2017-10-16,32.99,33.08,32.835,32.86,30.9118,1423895
2017-10-17,32.81,32.89,32.75,32.86,30.9118,1767649
2017-10-18,32.83,32.91,32.74,32.8,30.8553,1294122
2017-10-19,32.79,32.86,32.655,32.78,30.8364,1472863
2017-10-20,32.79,32.83,32.615,32.73,30.7895,1253200
2017-10-23,32.8,32.8,32.57,32.61,30.6765,1095712
2017-10-24,32.56,32.64,32.29,32.4,30.4791,1940746
2017-10-25,32.31,32.405,32.13,32.32,30.4038,1912262
2017-10-26,32.44,32.44,32.03,32.14,30.2344,1646422
2017-10-27,32.08,32.31,31.865,32.19,30.2813,2042501
2017-10-30,32.2,32.57,32.1756,32.39,30.4697,1738784
2017-10-31,32.37,32.5,32.17,32.5,30.5731,2091643
2017-11-01,32.55,32.6,32.415,32.47,30.5448,2057707
2017-11-02,32.55,32.9432,32.51,32.75,30.8083,2972110
2017-11-03,32.57,32.8,32.5,32.75,30.8083,2023359
2017-11-06,32.94,33.385,32.91,33.25,31.2787,2303733
2017-11-07,33.3,33.61,33.3,33.56,31.5702,2246699
2017-11-08,33.57,33.88,33.46,33.81,31.8055,2190783
2017-11-09,33.7,33.97,33.33,33.81,31.8055,1663345
2017-11-10,33.69,33.91,33.6135,33.81,31.8055,1760841
2017-11-13,33.9,34.0238,33.81,33.91,31.8996,1510302
2017-11-14,33.89,33.95,33.76,33.88,31.8713,2061986
2017-11-15,33.86,33.89,33.6,33.63,31.636,1761192
2017-11-16,33.61,33.85,33.61,33.76,31.7583,2092076
2017-11-17,33.62,33.8,33.55,33.56,31.5702,1758579
2017-11-20,33.59,33.63,33.44,33.48,31.4951,1566959
2017-11-21,33.58,33.695,33.5171,33.66,31.6642,1228903
2017-11-22,33.64,33.67,33.49,33.55,31.5607,881058
2017-11-24,33.59,33.72,33.59,33.67,31.6737,407307
2017-11-27,33.7,33.73,33.57,33.57,31.5796,652396
2017-11-28,33.6,33.63,33.32,33.49,31.5045,1720888
2017-11-29,33.48,33.5068,33.21,33.41,31.4292,2106852
2017-11-30,33.49,33.55,33.33,33.45,31.4668,2192453
2017-12-01,33.51,33.64,33.23,33.51,31.5232,3029379
2017-12-04,33.56,33.68,33.07,33.07,31.1092,1627522
2017-12-05,33.11,33.14,32.93,32.94,30.9871,1918243
2017-12-06,32.96,33.06,32.84,32.99,31.034000000000002,1815237
2017-12-07,33.03,33.16,32.9,33.12,31.1563,1290434
2017-12-08,33.18,33.26,33.11,33.2,31.2315,1444011
2017-12-11,33.19,33.28,33.075,33.28,31.3069,1670704
2017-12-12,33.39,33.529,33.17,33.43,31.4479,1017903
2017-12-13,33.48,33.67,33.4,33.42,31.4385,1735283
2017-12-14,33.45,33.57,33.4,33.45,31.4668,981407
2017-12-15,33.2,33.27,33.0586,33.19,31.5666,1770333
2017-12-18,33.25,33.455,33.25,33.3,31.6713,1096416
2017-12-19,33.3,33.31,32.61,32.67,31.072,1713000
2017-12-20,32.67,32.7275,32.31,32.32,30.7392,1431017
2017-12-21,32.4,32.42,32.15,32.21,30.6346,1218517
2017-12-22,32.26,32.46,32.2,32.42,30.8341,1012801
2017-12-26,32.44,32.65,32.38,32.59,30.9959,811599
2017-12-27,32.67,32.7799,32.62,32.72,31.1195,4420166
2017-12-28,32.75,32.92,32.66,32.91,31.3003,1133100
2017-12-29,32.96,33.04,32.87,32.94,31.329,925551
2018-01-02,32.99,33.04,32.71,32.75,31.1481,1744314
2018-01-03,32.79,32.84,32.66,32.76,31.1576,1715118
2018-01-04,32.75,32.75,32.2,32.2,30.625,1824077
2018-01-05,32.27,32.325,32.18,32.27,30.6916,1400207
2018-01-08,32.31,32.53,32.28,32.49,30.901,990606
2018-01-09,32.47,32.4899,32.1,32.12,30.549,1277214
2018-01-10,31.97,31.98,31.47,31.62,30.0734,2174493
2018-01-11,31.7,31.74,31.3522,31.42,29.8832,1343241
2018-01-12,31.39,31.43,31.1033,31.19,29.6645,1657176
2018-01-16,31.38,31.85,31.27,31.34,29.8071,5520298
2018-01-17,31.43,31.61,31.31,31.52,29.9783,1713570
2018-01-18,31.47,31.48,31.17,31.22,29.693,2276624
2018-01-19,31.3,31.46,31.2,31.44,29.9022,1640972
2018-01-22,31.46,31.75,31.43,31.74,30.1875,2096095
2018-01-23,31.81,32.23,31.75,32.23,30.6535,1873341
2018-01-24,32.14,32.26,32.01,32.14,30.568,2990058
2018-01-25,32.12,32.14,31.865,32.07,30.5014,2115890
2018-01-26,32.08,32.1666,31.91,32.16,30.5871,1472291
2018-01-29,32.07,32.11,31.76,31.79,30.2351,2092851
2018-01-30,31.65,31.78,31.55,31.66,30.1113,2347167
2018-01-31,31.71,32.32,31.53,32.31,30.7296,4213101
2018-02-01,32.21,32.4201,31.66,31.72,30.1685,3937754
2018-02-02,31.4,31.63,31.16,31.36,29.8261,3719217
2018-02-05,31.25,31.59,30.49,30.55,29.0558,7652634
2018-02-06,30.29,30.66,29.82,30.49,28.9987,6741167
2018-02-07,30.42,30.88,30.32,30.35,28.8654,10201519
2018-02-08,30.28,30.57,29.38,29.4,27.9619,10497583
2018-02-09,29.55,30.32,29.17,30.09,28.6182,9654492
2018-02-12,30.22,30.32,29.44,30.17,28.6944,5294478
2018-02-13,30.09,30.48,29.99,30.39,28.9035,3049307
2018-02-14,30.1,30.230999999999998,29.74,30.2,28.7229,4055336
2018-02-15,30.22,30.53,30.09,30.48,28.9892,2924096
2018-02-16,30.48,30.82,30.47,30.68,29.1793,7702831
2018-02-20,30.52,30.84,30.35,30.37,28.8845,12237265
2018-02-21,30.36,30.47,29.81,29.81,28.351999999999997,3924002
2018-02-22,29.93,30.41,29.93,30.15,28.6752,2969597
2018-02-23,30.28,30.7,30.21,30.7,29.1984,3106537
2018-02-26,30.79,30.84,30.6073,30.81,29.3031,2436181
2018-02-27,30.84,30.85,30.15,30.15,28.6752,5371793
2018-02-28,30.31,30.56,30.11,30.11,28.6372,3312493
2018-03-01,30.12,30.43,29.86,29.96,28.4945,5627200
2018-03-02,29.85,29.92,29.61,29.86,28.3995,4863186
2018-03-05,29.74,30.3852,29.66,30.28,28.799,2574221
2018-03-06,30.27,30.49,30.09,30.4,28.9129,11143364
2018-03-07,30.24,30.6,30.17,30.53,29.0367,19120473
2018-03-08,30.62,30.77,30.49,30.77,29.265,2200918
2018-03-09,30.78,30.97,30.6332,30.97,29.4551,2277322
2018-03-12,30.97,31.1956,30.93,31.12,29.5979,3270440
2018-03-13,31.2,31.37,31.09,31.22,29.693,2837207
2018-03-14,31.3,31.365,31.16,31.28,29.75,3261626
2018-03-15,31.31,31.415,31.14,31.28,29.75,3602399
2018-03-16,31.07,31.31,30.985,31.26,29.9061,2807538
2018-03-19,31.26,31.26,30.77,30.95,29.6094,4095745
2018-03-20,30.97,31.19,30.8238,30.94,29.5999,3647232
2018-03-21,30.94,31.03,30.52,30.66,29.3319,4715836
2018-03-22,30.62,31.02,30.52,30.55,29.2268,5319800
2018-03-23,30.6,30.67,29.9901,30.07,28.7675,6203061
2018-03-26,30.32,30.535,30.13,30.48,29.1597,4544254
2018-03-27,30.49,30.96,30.19,30.53,29.2075,6480461
2018-03-28,30.63,31.205,30.63,31.09,29.7433,7058294
2018-03-29,31.19,31.23,30.965,31.08,29.7337,4264131
2018-04-02,31.12,31.19,30.48,30.7,29.3703,6294573
2018-04-03,30.76,30.915,30.52,30.81,29.4755,7277427
2018-04-04,30.62,31.24,30.55,31.17,29.8199,5217221
2018-04-05,31.22,31.225,30.93,31.2,29.8486,3365478
2018-04-06,31.11,31.34,30.81,30.88,29.5425,5657555
2018-04-09,30.94,31.14,30.795,30.87,29.5328,3302033
2018-04-10,31.08,31.08,30.54,30.66,29.3319,6040291
2018-04-11,30.57,31.02,30.57,30.74,29.4085,2896673
2018-04-12,30.82,30.91,30.31,30.38,29.0641,2634548
2018-04-13,30.39,30.59,30.35,30.54,29.2171,3011706
2018-04-16,30.62,30.805,30.49,30.68,29.3512,2515270
2018-04-17,30.77,31.27,30.6575,31.09,29.7433,2845835
2018-04-18,31.13,31.2,31.01,31.01,29.6669,2118086
2018-04-19,30.9,30.93,30.31,30.49,29.1694,2722978
2018-04-20,30.53,30.605999999999998,30.18,30.22,28.9109,3173424
2018-04-23,30.22,30.39,30.135,30.28,28.9683,1929888
2018-04-24,30.31,30.48,30.16,30.31,28.9971,3913988
2018-04-25,30.26,30.36,30.0332,30.21,28.9013,2337885
2018-04-26,30.31,30.7832,30.2862,30.6,29.2745,2621938
2018-04-27,30.51,31.11,30.34,31.01,29.6669,3408342
2018-04-30,30.94,31.13,30.85,30.89,29.552,2895513
2018-05-01,30.94,31.135,30.8229,31.11,29.7624,3076965
2018-05-02,31.0,31.13,30.791,30.97,29.6286,3362818
2018-05-03,30.93,31.085,30.8,30.96,29.619,3260561
2018-05-04,30.93,31.4,30.92,31.31,29.9537,1804110
2018-05-07,31.36,31.43,31.235,31.37,30.0111,1737450
2018-05-08,31.27,31.32,31.045,31.15,29.8007,1693246
2018-05-09,31.15,31.39,31.06,31.39,30.0304,1498150
2018-05-10,31.5,31.745,31.47,31.68,30.3078,1628823
2018-05-11,31.69,31.81,31.49,31.53,30.1643,1206691
2018-05-14,31.54,31.56,31.15,31.31,29.9537,1882887
2018-05-15,31.11,31.11,30.695,30.78,29.4468,2371139
2018-05-16,30.85,30.96,30.6401,30.7,29.3703,1562199
2018-05-17,30.67,30.72,30.46,30.54,29.2171,1758187
2018-05-18,30.56,30.72,30.43,30.56,29.2364,1395298
2018-05-21,30.63,30.955,30.43,30.87,29.5328,1477092
2018-05-22,30.87,30.95,30.7201,30.91,29.5711,1567206
2018-05-23,30.9,31.27,30.89,31.16,29.8103,1543949
2018-05-24,31.17,31.29,30.8851,31.04,29.6954,1537537
2018-05-25,31.07,31.32,31.07,31.19,29.839000000000002,1713600
2018-05-29,31.12,31.375,30.99,31.27,29.9156,3255068
2018-05-30,31.24,31.805,31.16,31.68,30.3078,3589029
2018-05-31,31.54,31.68,31.44,31.58,30.212,3811890
2018-06-01,31.57,31.775,31.48,31.71,30.3365,2424373
2018-06-04,31.78,32.02,31.675,32.02,30.633000000000003,3660699
2018-06-05,32.07,32.135,31.81,31.86,30.48,2623581
2018-06-06,31.84,31.96,31.715,31.95,30.566,2120347
2018-06-07,31.98,32.03,31.76,31.95,30.566,4379659
2018-06-08,31.92,32.085,31.87,32.06,30.6714,2237271
2018-06-11,32.03,32.16,31.99,32.05,30.6618,1788617
2018-06-12,31.92,32.31,31.915,32.23,30.8338,1508887
2018-06-13,32.23,32.27,31.475,31.51,30.1451,2002591
2018-06-14,31.63,31.939,31.63,31.81,30.4322,2131113
2018-06-15,31.53,31.76,31.4532,31.49,30.3829,2439031
2018-06-18,31.39,31.55,31.285,31.46,30.354,2107132
2018-06-19,31.34,31.675,31.34,31.5,30.3926,2535768
2018-06-20,31.54,31.87,31.48,31.84,30.7206,3724989
2018-06-21,31.87,32.07,31.78,32.03,30.904,2826958
2018-06-22,32.14,32.34,31.935,32.31,31.1741,2292913
2018-06-25,32.33,32.385,32.045,32.23,31.0969,6956705
2018-06-26,32.27,32.545,32.16,32.4,31.261,2106650
2018-06-27,32.48,32.61,32.31,32.31,31.1741,3679584
2018-06-28,32.3,32.68,32.3,32.63,31.4829,2795789
2018-06-29,32.6,32.86,32.34,32.71,31.56,2922950
2018-07-02,32.67,32.75,32.155,32.52,31.3767,6280223
2018-07-03,32.56,32.98,32.47,32.71,31.56,2916190
2018-07-05,32.77,33.16,32.705,33.14,31.9751,2699731
2018-07-06,33.23,33.35,33.165,33.28,32.1101,2440842
2018-07-09,33.33,33.33,32.81,32.97,31.8109,2344596
2018-07-10,32.99,33.17,32.8,33.13,31.9653,3077336
2018-07-11,33.1,33.19,32.975,33.03,31.8688,2347572
2018-07-12,33.11,33.17,32.94,33.11,31.945999999999998,1660672
2018-07-13,33.13,33.255,32.98,33.0,31.8398,2143349
2018-07-16,32.86,32.96,32.5944,32.82,31.6661,2759077
2018-07-17,32.83,32.91,32.56,32.6,31.454,1720405
2018-07-18,32.55,32.68,32.32,32.48,31.3381,2092178
2018-07-19,32.42,32.935,32.36,32.79,31.6372,2363436
2018-07-20,32.71,32.77,32.39,32.5,31.3574,2041667
2018-07-23,32.49,32.49,32.2133,32.41,31.2706,2796857
2018-07-24,32.39,32.52,32.14,32.32,31.1837,2104204
2018-07-25,32.34,32.695,32.32,32.64,31.4925,2608813
2018-07-26,32.67,32.9,32.67,32.75,31.5985,2256929
2018-07-27,32.85,32.8548,32.4208,32.45,31.3092,2666272
2018-07-30,32.48,32.515,32.19,32.42,31.2803,2941061
2018-07-31,32.67,33.14,32.62,33.05,31.8881,4027273
2018-08-01,32.8,33.31,32.65,33.27,32.1004,3776606
2018-08-02,33.14,33.315,33.0475,33.11,31.945999999999998,2963070
2018-08-03,33.13,33.585,33.1,33.54,32.3609,2720956
2018-08-06,33.57,33.67,33.4,33.47,32.2933,2860789
2018-08-07,33.49,33.49,33.21,33.4,32.2258,2122407
2018-08-08,33.45,33.45,33.155,33.19,32.0232,2437336
2018-08-09,33.2,33.37,33.17,33.25,32.080999999999996,1937518
2018-08-10,33.19,33.32,32.91,32.93,31.7724,2655975
2018-08-13,32.93,33.03,32.85,32.92,31.7627,1652317
2018-08-14,32.99,33.125,32.91,33.05,31.8881,1559098
2018-08-15,33.06,33.365,32.96,33.34,32.1679,2608315
2018-08-16,33.33,33.63,33.31,33.6,32.4188,4032213
2018-08-17,33.62,33.93,33.59,33.92,32.7275,2608618
2018-08-20,33.97,34.135,33.91,33.96,32.7662,1947056
2018-08-21,33.89,33.95,33.6,33.65,32.467,2117720
2018-08-22,33.63,33.63,33.3,33.44,32.2644,1380324
2018-08-23,33.43,33.515,33.34,33.36,32.1872,1233473
2018-08-24,33.32,33.6,33.3,33.59,32.4091,3533112
2018-08-27,33.61,33.6699,33.36,33.54,32.3609,2515273
2018-08-28,33.54,33.95,33.45,33.95,32.7565,1887907
2018-08-29,33.94,34.06,33.88,33.9,32.7081,1468720
2018-08-30,33.96,33.97,33.665,33.72,32.5345,1730056
2018-08-31,33.76,33.95,33.74,33.85,32.6599,1579345
2018-09-04,33.78,33.89,33.48,33.55,32.3706,2310741
2018-09-05,33.48,33.85,33.32,33.76,32.5731,3256969
2018-09-06,33.81,33.93,33.76,33.87,32.6793,1960404
2018-09-07,33.71,33.72,33.41,33.44,32.2644,1898969
2018-09-10,33.59,33.8,33.55,33.62,32.4381,1797136
2018-09-11,33.51,33.74,33.42,33.63,32.4476,1534349
2018-09-12,33.67,33.76,33.51,33.66,32.4767,1388556
2018-09-13,33.79,33.96,33.71,33.87,32.6793,1576464
2018-09-14,33.77,33.79,33.375,33.58,32.3995,1828268
2018-09-17,33.5,33.82,33.495,33.77,32.5827,2339110
2018-09-18,33.72,33.79,33.5,33.57,32.3899,1451798
2018-09-19,33.58,33.59,33.195,33.25,32.080999999999996,2033141
2018-09-20,33.26,33.52,33.13,33.5,32.3222,1928398
2018-09-21,33.17,33.305,33.04,33.15,32.3222,1954581
2018-09-24,33.04,33.05,32.375,32.5,31.6885,2862014
2018-09-25,32.5,32.6651,32.4335,32.47,31.6593,1710599
2018-09-26,32.5,32.53,32.07,32.11,31.3082,2323283
2018-09-27,32.16,32.38,32.13,32.21,31.4057,1599120
2018-09-28,32.22,32.63,32.17,32.61,31.7958,3145496
2018-10-01,32.61,32.6984,32.34,32.36,31.552,3654352
2018-10-02,32.37,32.44,32.26,32.26,31.4546,2752415
2018-10-03,32.29,32.405,31.71,31.89,31.0937,2625236
2018-10-04,31.89,31.89,31.47,31.74,30.9475,2934681
2018-10-05,31.78,31.95,31.7,31.75,30.9572,3406587
2018-10-08,31.85,32.305,31.77,32.16,31.357,3076178
2018-10-09,32.15,32.37,32.01,32.27,31.4642,4429886
2018-10-10,32.18,32.33,31.76,31.76,30.9671,4361520
2018-10-11,31.82,31.85,30.76,30.83,30.0602,9558497
2018-10-12,31.01,31.28,30.65,30.81,30.0407,5288208
2018-10-15,30.8,31.29,30.76,31.0,30.226,3894526
2018-10-16,31.04,31.675,30.93,31.58,30.7915,3272185
2018-10-17,31.54,31.675,31.26,31.49,30.7037,3449444
2018-10-18,31.48,31.775,31.37,31.5,30.7135,3345155
2018-10-19,31.53,31.93,31.53,31.82,31.0255,2999908
2018-10-22,31.9,31.995,31.36,31.37,30.5868,4269565
2018-10-23,31.28,31.71,31.16,31.57,30.7817,5159699
2018-10-24,31.62,32.21,31.56,31.94,31.1426,5443614
2018-10-25,32.01,32.49,31.86,32.32,31.513,5413761
2018-10-26,32.18,32.22,31.31,31.48,30.6939,8951587
2018-10-29,31.71,32.15,31.71,32.0,31.201,6143161
2018-10-30,32.04,32.75,31.96,32.53,31.7177,7427396
2018-10-31,32.53,32.53,32.02,32.09,31.2887,4202426
2018-11-01,32.18,32.315,31.97,32.21,31.4057,4848839
2018-11-02,32.27,32.28,31.58,31.94,31.1426,6876848
2018-11-05,32.02,32.58,32.02,32.47,31.6593,4093076
2018-11-06,32.47,32.66,32.41,32.65,31.8348,2958751
2018-11-07,32.82,33.03,32.625,33.01,32.1858,3917920
2018-11-08,32.97,33.08,32.795,33.08,32.2539,2664963
2018-11-09,33.03,33.2,32.93,33.12,32.293,3558677
2018-11-12,33.13,33.49,33.13,33.19,32.3613,2861879
2018-11-13,33.19,33.35,33.01,33.26,32.4296,6307604
2018-11-14,33.38,33.38,33.08,33.25,32.4198,4368960
2018-11-15,33.12,33.1799,32.67,32.99,32.1662,7158895
2018-11-16,32.98,33.46,32.94,33.46,32.6245,3738085
2018-11-19,33.47,33.76,33.31,33.55,32.7123,4668155
2018-11-20,33.42,33.65,33.1,33.11,32.2833,6593695
2018-11-21,33.15,33.36,32.94,33.09,32.2638,3707504
2018-11-23,33.01,33.13,32.78,32.97,32.1468,2542965
2018-11-26,33.05,33.18,32.85,33.04,32.2151,3242150
2018-11-27,33.02,33.23,32.86,33.22,32.3906,3227240
2018-11-28,33.22,33.53,33.08,33.49,32.6538,3645661
2018-11-29,33.48,33.695,33.28,33.53,32.6928,2600744
2018-11-30,33.63,33.885,33.465,33.85,33.0048,4327224
2018-12-03,33.9,34.03,33.7,34.01,33.1608,5321254
2018-12-04,33.96,34.13,33.51,33.56,32.722,6476775
2018-12-06,33.48,34.5,33.09,34.48,33.6191,6368479
2018-12-07,34.37,34.38,33.8599,33.96,33.111999999999995,5559933
2018-12-10,33.96,33.99,33.315,33.83,32.9852,9157920
2018-12-11,33.99,34.14,33.87,33.89,33.0438,4645247
2018-12-12,34.02,34.12,33.225,33.25,32.4198,4298852
2018-12-13,33.28,33.76,33.28,33.48,32.644,4652721
2018-12-14,33.38,33.52,33.21,33.42,32.5855,4138687
2018-12-17,33.46,33.54,32.1,32.17,31.3668,7213986
2018-12-18,32.46,32.73,32.33,32.49,31.6788,8109104
2018-12-19,32.52,32.78,32.09,32.19,31.3862,12877982
2018-12-20,32.31,32.325,31.58,31.8,31.0059,11332951
2018-12-21,31.6,32.1,30.9186,30.95,30.5315,15120057
2018-12-24,31.1,31.1,29.801,29.81,29.4069,10641000
2018-12-26,29.91,30.77,29.52,30.76,30.3441,10947900
2018-12-27,30.56,30.84,29.93,30.83,30.4131,14151800
2018-12-28,31.11,31.24,30.677,30.94,30.5216,10389900
2018-12-31,31.04,31.05,30.51,31.0,30.5808,7807200
2019-01-02,30.8,30.85,30.11,30.29,29.8804,10445000
2019-01-03,30.26,30.93,30.25,30.43,30.0185,9743800
2019-01-04,30.68,31.02,30.47,30.74,30.3244,9620900
2019-01-07,30.78,31.22,30.75,31.0,30.5808,5141800
2019-01-08,31.19,31.61,31.09,31.54,31.1135,7575900
2019-01-09,31.58,31.63,31.14,31.41,30.9853,5100800
2019-01-10,31.32,31.95,31.26,31.91,31.4785,7837200
2019-01-11,31.81,31.99,31.68,31.97,31.5377,3095100
2019-01-14,31.85,32.06,31.74,31.87,31.439,2918300
2019-01-15,31.89,32.3,31.89,32.23,31.7942,3925000
2019-01-16,32.2,32.515,32.11,32.38,31.9421,7295900
2019-01-17,32.34,32.58,32.29,32.54,32.1,3397100
2019-01-18,32.67,32.67,32.394,32.66,32.2183,7865600
2019-01-22,32.63,32.72,32.33,32.6,32.1592,8116300
2019-01-23,32.77,32.77,32.41,32.62,32.1789,3087500
2019-01-24,32.57,32.825,32.39,32.75,32.3071,4578000
2019-01-25,32.86,33.16,32.66,33.13,32.681999999999995,3031400
2019-01-28,33.02,33.49,32.96,33.46,33.0076,5276000
2019-01-29,33.34,33.74,33.28,33.72,33.264,2530000
2019-01-30,33.76,34.12,33.63,34.0,33.5402,5118100
2019-01-31,33.97,34.39,33.66,34.33,33.8658,7024500
2019-02-01,34.38,34.47,33.67,34.12,33.6586,9829200
2019-02-04,34.08,34.34,33.8,34.32,33.8559,6513600
2019-02-05,34.36,34.56,34.13,34.55,34.0828,4186000
2019-02-06,34.45,34.49,34.165,34.28,33.8164,3535200
2019-02-07,34.2,34.585,34.09,34.57,34.1026,6325300
2019-02-08,34.43,34.67,34.37,34.57,34.1026,2913100
2019-02-11,34.6,34.72,34.45,34.67,34.2012,2971900
2019-02-12,34.7,34.7,34.293,34.43,33.9645,8982900
2019-02-13,34.41,34.68,34.3,34.66,34.1914,3751800
2019-02-14,34.68,34.92,34.47,34.79,34.3196,4007000
2019-02-15,34.89,35.01,34.79,35.0,34.5267,2674800
2019-02-19,34.95,35.12,34.88,35.04,34.5662,3921300
2019-02-20,34.87,35.0,34.563,34.82,34.3491,3200300
2019-02-21,34.69,34.89,34.48,34.88,34.4084,4484200
2019-02-22,34.92,35.22,34.76,35.08,34.6057,3477800
2019-02-25,35.14,35.19,34.75,34.79,34.3196,4075800
2019-02-26,34.89,34.95,34.66,34.72,34.2505,2674700
2019-02-27,34.59,34.77,34.33,34.61,34.141999999999996,3252300
2019-02-28,34.6,35.12,34.49,34.71,34.2407,5002100
2019-03-01,34.77,34.77,34.265,34.67,34.2012,5897500
2019-03-04,34.77,34.85,34.405,34.81,34.3393,6178600
2019-03-05,34.75,35.04,34.69,34.91,34.4379,4066400
2019-03-06,34.92,35.05,34.76,34.82,34.3491,3832300
2019-03-07,34.84,35.09,34.68,34.79,34.3196,7592600
2019-03-08,34.72,34.985,34.656,34.82,34.3491,3103900
2019-03-11,34.98,35.39,34.931999999999995,35.36,34.8819,4124100
2019-03-12,35.41,35.63,35.39,35.55,35.0693,4323800
2019-03-13,35.57,35.83,35.57,35.72,35.236999999999995,2726000
2019-03-14,35.73,35.82,35.61,35.81,35.3258,4504400
2019-03-15,35.64,35.66,35.39,35.46,35.1809,5436300
2019-03-18,35.5,35.57,35.12,35.28,35.0023,3318300
2019-03-19,35.31,35.37,35.07,35.18,34.9031,3464300
2019-03-20,35.21,35.53,34.946999999999996,35.34,35.0619,8689800
2019-03-21,35.29,35.98,35.27,35.97,35.6869,4798000
2019-03-22,35.97,36.306999999999995,35.8,35.8,35.5182,5026000
2019-03-25,35.82,35.97,35.665,35.83,35.548,4370800
2019-03-26,35.96,36.07,35.85,36.05,35.7663,2357500
2019-03-27,36.11,36.22,35.71,35.93,35.6472,2939100
2019-03-28,36.01,36.235,35.89,36.23,35.9449,3626500
2019-03-29,36.22,36.29,36.065,36.22,35.9349,3565600
2019-04-01,36.27,36.29,35.77,36.11,35.8258,6733100
2019-04-02,36.15,36.485,35.88,36.42,36.1334,6604200
2019-04-03,36.41,36.54,36.1,36.38,36.0937,3581300
2019-04-04,36.42,36.43,36.11,36.27,35.9846,3507700
2019-04-05,36.31,36.5869,36.21,36.55,36.2623,2869863
2019-04-08,36.54,36.59,36.27,36.37,36.0838,2918500
2019-04-09,36.38,36.43,36.21,36.26,35.9746,2094500
2019-04-10,36.35,36.55,36.31,36.55,36.2623,2606200
2019-04-11,36.56,36.7,36.35,36.5,36.2127,3705500
2019-04-12,36.45,36.7,36.2,36.7,36.4112,2691300
2019-04-15,36.71,36.71,36.37,36.48,36.1929,2115300
2019-04-16,36.49,36.49,35.44,35.62,35.3397,3994500
2019-04-17,35.73,35.8,35.135,35.25,34.9726,4323500
2019-04-18,35.41,35.59,35.11,35.53,35.2504,2756900
2019-04-22,35.46,35.46,34.825,35.14,34.8634,4012600
2019-04-23,35.27,35.63,35.14,35.54,35.2603,5469100
2019-04-24,35.64,35.93,35.55,35.79,35.5083,3304200
2019-04-25,35.68,35.86,35.46,35.75,35.4686,4198400
2019-04-26,35.89,36.015,35.71,35.99,35.7068,2517000
2019-04-29,35.87,36.07,35.575,35.62,35.3397,3256800
2019-04-30,35.64,36.075,35.39,36.03,35.7464,4650200
2019-05-01,36.06,36.47,35.96,36.03,35.7464,6051300
2019-05-02,36.04,36.46,36.04,36.1,35.8159,5382600
2019-05-03,36.25,36.41,36.08,36.35,36.0639,3223400
2019-05-06,36.19,36.34,35.97,36.2,35.9151,3377200
2019-05-07,36.08,36.14,35.32,35.58,35.3,3711800
2019-05-08,35.65,35.92,35.565,35.58,35.3,3831500
2019-05-09,35.5,35.74,35.26,35.7,35.419000000000004,5684500
2019-05-10,35.62,36.2,35.595,36.11,35.8258,3268400
2019-05-13,35.87,36.17,35.8,36.11,35.8258,3392100
2019-05-14,36.18,36.39,36.1,36.24,35.9548,3984400
2019-05-15,36.24,36.61,36.1,36.48,36.1929,3478200
2019-05-16,36.48,36.84,36.45,36.69,36.4012,2834200
2019-05-17,36.52,36.71,36.44,36.64,36.3516,3403200
2019-05-20,36.51,36.57,35.92,36.05,35.7663,3472100
2019-05-21,36.21,36.455,36.15,36.35,36.0639,2353600
2019-05-22,36.39,36.55,36.31,36.52,36.2326,1982800
2019-05-23,36.42,36.735,36.36,36.7,36.4112,2521100
2019-05-24,36.86,36.99,36.74,36.75,36.4608,1523600
2019-05-28,36.93,36.99,36.36,36.37,36.0838,2496400
2019-05-29,36.34,36.43,35.802,35.95,35.6671,2648700
2019-05-30,35.99,36.285,35.93,36.17,35.8853,2656200
2019-05-31,36.09,36.67,36.04,36.47,36.183,4581400
2019-06-03,36.6,36.67,36.29,36.61,36.3219,6621400
2019-06-04,36.62,36.62,36.1,36.41,36.1234,3596800
2019-06-05,36.62,37.26,36.49,37.24,36.9469,4495200
2019-06-06,37.34,37.38,37.08,37.31,37.0164,2272500
2019-06-07,37.52,37.66,37.38,37.43,37.1354,2114000
2019-06-10,37.48,37.51,37.13,37.3,37.0064,3041400
2019-06-11,37.4,37.48,37.115,37.37,37.0759,2472200
2019-06-12,37.42,37.69,37.38,37.51,37.2148,2555500
2019-06-13,37.54,37.615,37.415,37.56,37.2644,2511300
2019-06-14,37.56,37.846,37.56,37.72,37.4231,1945900
2019-06-17,37.82,38.175,37.82,38.13,37.8299,4130200
2019-06-18,38.33,38.49,37.87,38.02,37.7208,4654400
2019-06-19,37.99,38.395,37.81,38.27,37.9688,4654300
2019-06-20,38.45,38.62,38.42,38.5,38.196999999999996,4478800
2019-06-21,38.17,38.17,37.58,37.77,37.77,9512500
2019-06-24,37.86,37.99,37.52,37.58,37.58,5083600
2019-06-25,37.62,37.76,37.06,37.07,37.07,3829000
2019-06-26,37.07,37.07,36.22,36.35,36.35,7944600
2019-06-27,36.57,36.79,36.55,36.65,36.65,4578500
2019-06-28,36.71,36.979,36.65,36.77,36.77,5010600
2019-07-01,36.95,37.0,36.285,36.7,36.7,6775000
2019-07-02,36.8,37.39,36.77,37.38,37.38,5959000
2019-07-03,37.49,37.93,37.448,37.92,37.92,3519500
2019-07-05,37.64,37.839,37.13,37.71,37.71,5079200
2019-07-08,37.68,37.93,37.62,37.85,37.85,3435900
